matchname,season,datetime,matchid
Almeria vs Rayo Vallecano,2023-24,2023-08-12 09:46:00,1
Sevilla vs Valencia,2023-24,2023-08-12 10:13:00,2
Real Sociedad vs Girona,2023-24,2023-08-13 09:33:00,3
Athletic Club vs Real Madrid,2023-24,2023-08-13 14:26:00,4
Celta Vigo vs Osasuna,2023-24,2023-08-14 12:13:00,5
Villarreal vs Real Betis,2023-24,2023-08-14 12:16:00,6
Getafe vs Barcelona,2023-24,2023-08-14 12:53:00,7
Cadiz vs Deportivo Alaves,2023-24,2023-08-15 07:43:00,8
Atletico vs Granada,2023-24,2023-08-15 09:22:00,9
Las Palmas vs Mallorca,2023-24,2023-08-15 12:00:00,10
Mallorca vs Villarreal,2023-24,2023-08-19 09:50:00,11
Valencia vs Las Palmas,2023-24,2023-08-19 15:18:00,12
Real Sociedad vs Celta Vigo,2023-24,2023-08-20 13:40:00,13
Almeria vs Real Madrid,2023-24,2023-08-20 17:33:00,14
Osasuna vs Athletic Club,2023-24,2023-08-20 18:56:00,15
Barcelona vs Cadiz,2023-24,2023-08-21 13:08:00,16
Girona vs Getafe,2023-24,2023-08-21 13:42:00,17
Real Betis vs Atletico,2023-24,2023-08-21 14:49:00,18
Deportivo Alaves vs Sevilla,2023-24,2023-08-22 06:45:00,19
Granada vs Rayo Vallecano,2023-24,2023-08-22 07:30:00,20
Las Palmas vs Real Sociedad,2023-24,2023-08-26 11:33:00,21
Celta Vigo vs Real Madrid,2023-24,2023-08-26 13:30:00,22
Cadiz vs Almeria,2023-24,2023-08-27 16:48:00,23
Granada vs Mallorca,2023-24,2023-08-27 18:33:00,24
Sevilla vs Girona,2023-24,2023-08-27 20:03:00,25
Villarreal vs Barcelona,2023-24,2023-08-28 13:47:00,26
Valencia vs Osasuna,2023-24,2023-08-28 13:53:00,27
Athletic Club vs Real Betis,2023-24,2023-08-28 13:57:00,28
Getafe vs Deportivo Alaves,2023-24,2023-08-29 09:49:00,29
Cadiz vs Villarreal,2023-24,2023-09-02 06:47:00,30
Almeria vs Celta Vigo,2023-24,2023-09-02 13:42:00,31
Real Sociedad vs Granada,2023-24,2023-09-03 10:20:00,32
Real Madrid vs Getafe,2023-24,2023-09-03 16:14:00,33
Deportivo Alaves vs Valencia,2023-24,2023-09-03 18:00:00,34
Real Betis vs Rayo Vallecano,2023-24,2023-09-03 19:10:00,35
Girona vs Las Palmas,2023-24,2023-09-04 10:20:00,36
Mallorca vs Athletic Club,2023-24,2023-09-04 13:48:00,37
Osasuna vs Barcelona,2023-24,2023-09-04 14:50:00,38
Rayo Vallecano vs Deportivo Alaves,2023-24,2023-09-16 10:11:00,39
Athletic Club vs Cadiz,2023-24,2023-09-17 10:10:00,40
Valencia vs Atletico,2023-24,2023-09-17 14:42:00,41
Celta Vigo vs Mallorca,2023-24,2023-09-17 16:54:00,42
Barcelona vs Real Betis,2023-24,2023-09-17 19:45:00,43
Villarreal vs Almeria,2023-24,2023-09-18 08:53:00,44
Sevilla vs Las Palmas,2023-24,2023-09-18 10:36:00,45
Getafe vs Osasuna,2023-24,2023-09-18 10:38:00,46
Real Madrid vs Real Sociedad,2023-24,2023-09-18 11:33:00,47
Granada vs Girona,2023-24,2023-09-19 08:38:00,48
Deportivo Alaves vs Athletic Club,2023-24,2023-09-23 11:03:00,49
Osasuna vs Sevilla,2023-24,2023-09-24 16:03:00,50
Barcelona vs Celta Vigo,2023-24,2023-09-24 16:27:00,51
Almeria vs Valencia,2023-24,2023-09-24 18:28:00,52
Real Sociedad vs Getafe,2023-24,2023-09-25 11:12:00,53
Rayo Vallecano vs Villarreal,2023-24,2023-09-25 11:45:00,54
Real Betis vs Cadiz,2023-24,2023-09-25 12:23:00,55
Atletico vs Real Madrid,2023-24,2023-09-25 12:48:00,56
Las Palmas vs Granada,2023-24,2023-09-25 13:43:00,57
Sevilla vs Almeria,2023-24,2023-09-27 08:16:00,58
Mallorca vs Barcelona,2023-24,2023-09-27 09:30:00,59
Real Madrid vs Las Palmas,2023-24,2023-09-28 08:09:00,60
Athletic Club vs Getafe,2023-24,2023-09-28 09:36:00,61
Cadiz vs Rayo Vallecano,2023-24,2023-09-28 10:02:00,62
Granada vs Real Betis,2023-24,2023-09-29 08:29:00,63
Celta Vigo vs Deportivo Alaves,2023-24,2023-09-29 13:27:00,64
Osasuna vs Atletico,2023-24,2023-09-29 14:50:00,65
Barcelona vs Sevilla,2023-24,2023-09-30 09:37:00,66
Getafe vs Villarreal,2023-24,2023-10-01 09:16:00,67
Rayo Vallecano vs Mallorca,2023-24,2023-10-01 16:41:00,68
Real Sociedad vs Athletic Club,2023-24,2023-10-01 17:48:00,69
Almeria vs Granada,2023-24,2023-10-02 08:18:00,70
Deportivo Alaves vs Osasuna,2023-24,2023-10-02 08:39:00,71
Real Betis vs Valencia,2023-24,2023-10-02 12:43:00,72
Las Palmas vs Celta Vigo,2023-24,2023-10-03 12:42:00,73
Atletico vs Cadiz,2023-24,2023-10-03 16:55:00,74
Athletic Club vs Almeria,2023-24,2023-10-07 08:19:00,75
Sevilla vs Rayo Vallecano,2023-24,2023-10-07 22:03:00,76
Cadiz vs Girona,2023-24,2023-10-08 08:29:00,77
Real Madrid vs Osasuna,2023-24,2023-10-08 12:47:00,78
Mallorca vs Valencia,2023-24,2023-10-08 13:14:00,79
Atletico vs Real Sociedad,2023-24,2023-10-09 09:31:00,80
Deportivo Alaves vs Real Betis,2023-24,2023-10-09 10:57:00,81
Celta Vigo vs Getafe,2023-24,2023-10-09 12:39:00,82
Granada vs Barcelona,2023-24,2023-10-09 13:10:00,83
Girona vs Real Madrid,2023-24,2023-10-10 14:51:00,84
Villarreal vs Girona,2023-24,2023-10-10 14:55:00,85
Villarreal vs Las Palmas,2023-24,2023-10-16 12:23:00,86
Osasuna vs Granada,2023-24,2023-10-21 11:38:00,87
Real Sociedad vs Mallorca,2023-24,2023-10-22 08:42:00,88
Getafe vs Real Betis,2023-24,2023-10-22 11:09:00,89
Sevilla vs Real Madrid,2023-24,2023-10-22 12:25:00,90
Celta Vigo vs Atletico,2023-24,2023-10-22 15:34:00,91
Las Palmas vs Rayo Vallecano,2023-24,2023-10-23 04:50:00,92
Girona vs Almeria,2023-24,2023-10-23 08:40:00,93
Valencia vs Cadiz,2023-24,2023-10-24 10:25:00,94
Villarreal vs Deportivo Alaves,2023-24,2023-10-24 12:32:00,95
Girona vs Celta Vigo,2023-24,2023-10-28 11:31:00,96
Almeria vs Las Palmas,2023-24,2023-10-29 06:50:00,97
Barcelona vs Real Madrid,2023-24,2023-10-29 08:59:00,98
Mallorca vs Getafe,2023-24,2023-10-29 11:57:00,99
Cadiz vs Sevilla,2023-24,2023-10-29 14:54:00,100
Real Betis vs Osasuna,2023-24,2023-10-30 09:43:00,101
Barcelona vs Athletic Club,2023-24,2023-10-30 10:04:00,102
Rayo Vallecano vs Real Sociedad,2023-24,2023-10-30 10:25:00,103
Athletic Club vs Valencia,2023-24,2023-10-30 11:38:00,104
Atletico vs Deportivo Alaves,2023-24,2023-10-30 12:58:00,105
Granada vs Villarreal,2023-24,2023-10-31 14:09:00,106
Las Palmas vs Atletico,2023-24,2023-11-04 10:00:00,107
Osasuna vs Girona,2023-24,2023-11-05 07:33:00,108
Celta Vigo vs Sevilla,2023-24,2023-11-05 15:23:00,109
Real Sociedad vs Barcelona,2023-24,2023-11-05 15:24:00,110
Villarreal vs Athletic Club,2023-24,2023-11-06 08:29:00,111
Real Madrid vs Rayo Vallecano,2023-24,2023-11-06 09:58:00,112
Athletic Club vs Celta Vigo,2023-24,2023-11-11 14:19:00,113
Rayo Vallecano vs Girona,2023-24,2023-11-12 07:45:00,114
Real Madrid vs Valencia,2023-24,2023-11-12 11:13:00,115
Sevilla vs Real Betis,2023-24,2023-11-13 09:29:00,116
Barcelona vs Deportivo Alaves,2023-24,2023-11-13 09:30:00,117
Atletico vs Villarreal,2023-24,2023-11-13 12:10:00,118
Valencia vs Granada,2023-24,2023-11-14 12:20:00,119
Granada vs Getafe,2023-24,2023-11-16 12:04:00,120
Osasuna vs Las Palmas,2023-24,2023-11-16 12:50:00,121
Almeria vs Real Sociedad,2023-24,2023-11-16 13:13:00,122
Deportivo Alaves vs Granada,2023-24,2023-11-25 07:03:00,123
Rayo Vallecano vs Barcelona,2023-24,2023-11-26 09:39:00,124
Getafe vs Almeria,2023-24,2023-11-26 15:05:00,125
Valencia vs Celta Vigo,2023-24,2023-11-26 15:45:00,126
Atletico vs Mallorca,2023-24,2023-11-26 15:57:00,127
Villarreal vs Osasuna,2023-24,2023-11-26 21:27:00,128
Cadiz vs Real Madrid,2023-24,2023-11-27 08:44:00,129
Real Betis vs Las Palmas,2023-24,2023-11-27 10:00:00,130
Real Sociedad vs Sevilla,2023-24,2023-11-27 10:04:00,131
Girona vs Athletic Club,2023-24,2023-11-28 13:13:00,132
Mallorca vs Cadiz,2023-24,2023-11-30 13:14:00,133
Osasuna vs Real Sociedad,2023-24,2023-12-03 04:19:00,134
Girona vs Valencia,2023-24,2023-12-03 08:00:00,135
Athletic Club vs Rayo Vallecano,2023-24,2023-12-03 10:12:00,136
Real Madrid vs Granada,2023-24,2023-12-03 11:11:00,137
Sevilla vs Villarreal,2023-24,2023-12-03 20:34:00,138
Mallorca vs Deportivo Alaves,2023-24,2023-12-04 09:57:00,139
Barcelona vs Atletico,2023-24,2023-12-04 12:44:00,140
Almeria vs Real Betis,2023-24,2023-12-04 14:37:00,141
Celta Vigo vs Cadiz,2023-24,2023-12-05 10:06:00,142
Getafe vs Valencia,2023-24,2023-12-09 07:09:00,143
Deportivo Alaves vs Las Palmas,2023-24,2023-12-10 07:50:00,144
Real Betis vs Real Madrid,2023-24,2023-12-10 11:51:00,145
Atletico vs Almeria,2023-24,2023-12-11 07:48:00,146
Mallorca vs Sevilla,2023-24,2023-12-11 08:44:00,147
Cadiz vs Osasuna,2023-24,2023-12-11 10:39:00,148
Barcelona vs Girona,2023-24,2023-12-11 10:42:00,149
Rayo Vallecano vs Celta Vigo,2023-24,2023-12-12 11:37:00,150
Osasuna vs Rayo Vallecano,2023-24,2023-12-16 11:08:00,151
Celta Vigo vs Granada,2023-24,2023-12-16 23:27:00,152
Athletic Club vs Atletico,2023-24,2023-12-17 10:11:00,153
Sevilla vs Getafe,2023-24,2023-12-17 11:03:00,154
Valencia vs Barcelona,2023-24,2023-12-17 11:36:00,155
Real Sociedad vs Real Betis,2023-24,2023-12-18 08:55:00,156
Almeria vs Mallorca,2023-24,2023-12-18 09:19:00,157
Real Madrid vs Villarreal,2023-24,2023-12-18 10:33:00,158
Las Palmas vs Cadiz,2023-24,2023-12-18 12:13:00,159
Villarreal vs Real Sociedad,2023-24,2023-12-18 13:15:00,160
Real Betis vs Mallorca,2023-24,2023-12-18 13:54:00,161
Girona vs Deportivo Alaves,2023-24,2023-12-19 06:58:00,162
Rayo Vallecano vs Valencia,2023-24,2023-12-20 05:31:00,163
Granada vs Sevilla,2023-24,2023-12-20 08:20:00,164
Atletico vs Getafe,2023-24,2023-12-20 09:14:00,165
Barcelona vs Almeria,2023-24,2023-12-21 08:28:00,166
Athletic Club vs Las Palmas,2023-24,2023-12-21 11:09:00,167
Villarreal vs Celta Vigo,2023-24,2023-12-21 12:29:00,168
Real Betis vs Girona,2023-24,2023-12-22 01:46:00,169
Cadiz vs Real Sociedad,2023-24,2023-12-22 05:00:00,170
Deportivo Alaves vs Real Madrid,2023-24,2023-12-22 07:24:00,171
Las Palmas vs Getafe,2023-24,2023-12-22 08:41:00,172
Mallorca vs Osasuna,2023-24,2023-12-22 08:44:00,173
Atletico vs Sevilla,2023-24,2023-12-24 13:36:00,174
Real Sociedad vs Deportivo Alaves,2023-24,2024-01-03 10:23:00,175
Valencia vs Villarreal,2023-24,2024-01-03 12:29:00,176
Granada vs Cadiz,2023-24,2024-01-04 04:26:00,177
Girona vs Atletico,2023-24,2024-01-04 06:25:00,178
Celta Vigo vs Real Betis,2023-24,2024-01-04 08:39:00,179
Real Madrid vs Mallorca,2023-24,2024-01-04 10:04:00,180
Osasuna vs Almeria,2023-24,2024-01-05 08:02:00,181
Las Palmas vs Barcelona,2023-24,2024-01-05 09:54:00,182
Rayo Vallecano vs Atletico,2023-24,2024-01-06 19:37:00,183
Girona vs Mallorca,2023-24,2024-01-06 19:38:00,184
Valencia vs Real Sociedad,2023-24,2024-01-06 19:40:00,185
Sevilla vs Athletic Club,2023-24,2024-01-08 12:20:00,186
Getafe vs Rayo Vallecano,2023-24,2024-01-08 15:14:00,187
Sevilla vs Deportivo Alaves,2023-24,2024-01-13 06:25:00,188
Mallorca vs Celta Vigo,2023-24,2024-01-14 07:08:00,189
Real Betis vs Granada,2023-24,2024-01-14 08:37:00,190
Las Palmas vs Villarreal,2023-24,2024-01-14 08:45:00,191
Athletic Club vs Real Sociedad,2023-24,2024-01-14 11:06:00,192
Almeria vs Girona,2023-24,2024-01-15 03:58:00,193
Cadiz vs Valencia,2023-24,2024-01-15 11:24:00,194
Deportivo Alaves vs Almeria,2023-24,2024-01-15 13:22:00,195
Deportivo Alaves vs Cadiz,2023-24,2024-01-20 05:45:00,196
Rayo Vallecano vs Las Palmas,2023-24,2024-01-20 23:20:00,197
Villarreal vs Mallorca,2023-24,2024-01-21 07:25:00,198
Valencia vs Athletic Club,2023-24,2024-01-21 08:40:00,199
Celta Vigo vs Real Sociedad,2023-24,2024-01-21 10:08:00,200
Real Madrid vs Almeria,2023-24,2024-01-22 05:30:00,201
Osasuna vs Getafe,2023-24,2024-01-22 06:45:00,202
Granada vs Athletic Club,2023-24,2024-01-22 07:21:00,203
Real Betis vs Barcelona,2023-24,2024-01-22 11:20:00,204
Granada vs Atletico,2023-24,2024-01-23 09:03:00,205
Almeria vs Deportivo Alaves,2023-24,2024-01-27 07:29:00,206
Real Sociedad vs Rayo Vallecano,2023-24,2024-01-28 01:34:00,207
Las Palmas vs Real Madrid,2023-24,2024-01-28 08:46:00,208
Barcelona vs Villarreal,2023-24,2024-01-28 09:44:00,209
Mallorca vs Real Betis,2023-24,2024-01-28 10:27:00,210
Cadiz vs Athletic Club,2023-24,2024-01-29 05:14:00,211
Celta Vigo vs Girona,2023-24,2024-01-29 05:50:00,212
Sevilla vs Osasuna,2023-24,2024-01-29 06:51:00,213
Atletico vs Valencia,2023-24,2024-01-29 08:39:00,214
Getafe vs Granada,2023-24,2024-01-30 05:55:00,215
Getafe vs Cadiz,2023-24,2024-01-30 17:01:00,216
Barcelona vs Osasuna,2023-24,2024-02-01 11:18:00,217
Atletico vs Rayo Vallecano,2023-24,2024-02-01 11:32:00,218
Getafe vs Real Madrid,2023-24,2024-02-02 09:32:00,219
Athletic Club vs Mallorca,2023-24,2024-02-03 08:52:00,220
Valencia vs Almeria,2023-24,2024-02-03 22:06:00,221
Granada vs Las Palmas,2023-24,2024-02-04 08:55:00,222
Deportivo Alaves vs Barcelona,2023-24,2024-02-04 12:47:00,223
Girona vs Real Sociedad,2023-24,2024-02-04 15:05:00,224
Villarreal vs Cadiz,2023-24,2024-02-05 06:01:00,225
Real Betis vs Getafe,2023-24,2024-02-05 07:25:00,226
Osasuna vs Celta Vigo,2023-24,2024-02-05 08:45:00,227
Real Madrid vs Atletico,2023-24,2024-02-05 12:41:00,228
Rayo Vallecano vs Sevilla,2023-24,2024-02-06 09:16:00,229
Cadiz vs Real Betis,2023-24,2024-02-10 08:19:00,230
Real Sociedad vs Osasuna,2023-24,2024-02-11 09:26:00,231
Real Madrid vs Girona,2023-24,2024-02-11 10:04:00,232
Deportivo Alaves vs Villarreal,2023-24,2024-02-11 12:18:00,233
Las Palmas vs Valencia,2023-24,2024-02-11 12:18:00,234
Getafe vs Celta Vigo,2023-24,2024-02-12 04:26:00,235
Sevilla vs Atletico,2023-24,2024-02-12 07:45:00,236
Mallorca vs Rayo Vallecano,2023-24,2024-02-12 07:59:00,237
Barcelona vs Granada,2023-24,2024-02-12 09:32:00,238
Almeria vs Athletic Club,2023-24,2024-02-13 06:33:00,239
Villarreal vs Getafe,2023-24,2024-02-17 06:19:00,240
Atletico vs Las Palmas,2023-24,2024-02-18 06:50:00,241
Osasuna vs Cadiz,2023-24,2024-02-18 09:40:00,242
Valencia vs Sevilla,2023-24,2024-02-18 13:08:00,243
Celta Vigo vs Barcelona,2023-24,2024-02-18 13:12:00,244
Granada vs Almeria,2023-24,2024-02-19 07:16:00,245
Rayo Vallecano vs Real Madrid,2023-24,2024-02-19 08:30:00,246
Real Betis vs Deportivo Alaves,2023-24,2024-02-19 08:37:00,247
Mallorca vs Real Sociedad,2023-24,2024-02-19 08:42:00,248
Athletic Club vs Girona,2023-24,2024-02-20 08:24:00,249
Real Sociedad vs Villarreal,2023-24,2024-02-24 13:10:00,250
Deportivo Alaves vs Mallorca,2023-24,2024-02-25 11:31:00,251
Barcelona vs Getafe,2023-24,2024-02-25 13:53:00,252
Almeria vs Atletico,2023-24,2024-02-25 15:14:00,253
Real Betis vs Athletic Club,2023-24,2024-02-26 08:48:00,254
Cadiz vs Celta Vigo,2023-24,2024-02-26 08:53:00,255
Las Palmas vs Osasuna,2023-24,2024-02-26 09:19:00,256
Real Madrid vs Sevilla,2023-24,2024-02-26 10:19:00,257
Girona vs Rayo Vallecano,2023-24,2024-02-27 09:23:00,258
Celta Vigo vs Almeria,2023-24,2024-03-02 10:09:00,259
Sevilla vs Real Sociedad,2023-24,2024-03-03 10:07:00,260
Rayo Vallecano vs Cadiz,2023-24,2024-03-03 14:34:00,261
Getafe vs Las Palmas,2023-24,2024-03-03 14:38:00,262
Valencia vs Real Madrid,2023-24,2024-03-03 14:40:00,263
Villarreal vs Granada,2023-24,2024-03-04 05:41:00,264
Mallorca vs Girona,2023-24,2024-03-04 07:24:00,265
Atletico vs Real Betis,2023-24,2024-03-04 09:44:00,266
Athletic Club vs Barcelona,2023-24,2024-03-04 10:11:00,267
Osasuna vs Deportivo Alaves,2023-24,2024-03-05 07:35:00,268
Barcelona vs Mallorca,2023-24,2024-03-09 08:33:00,269
Valencia vs Getafe,2023-24,2024-03-10 06:38:00,270
Cadiz vs Atletico,2023-24,2024-03-10 09:46:00,271
Granada vs Real Sociedad,2023-24,2024-03-10 10:27:00,272
Girona vs Osasuna,2023-24,2024-03-10 10:32:00,273
Deportivo Alaves vs Rayo Vallecano,2023-24,2024-03-11 06:09:00,274
Las Palmas vs Athletic Club,2023-24,2024-03-11 08:50:00,275
Real Madrid vs Celta Vigo,2023-24,2024-03-11 08:55:00,276
Real Betis vs Villarreal,2023-24,2024-03-11 10:07:00,277
Almeria vs Sevilla,2023-24,2024-03-12 07:25:00,278
Real Sociedad vs Cadiz,2023-24,2024-03-16 10:28:00,279
Mallorca vs Granada,2023-24,2024-03-17 06:01:00,280
Osasuna vs Real Madrid,2023-24,2024-03-17 10:48:00,281
Getafe vs Girona,2023-24,2024-03-17 11:18:00,282
Athletic Club vs Deportivo Alaves,2023-24,2024-03-17 13:15:00,283
Villarreal vs Valencia,2023-24,2024-03-18 06:46:00,284
Las Palmas vs Almeria,2023-24,2024-03-18 06:47:00,285
Sevilla vs Celta Vigo,2023-24,2024-03-18 06:58:00,286
Atletico vs Barcelona,2023-24,2024-03-18 07:59:00,287
Rayo Vallecano vs Real Betis,2023-24,2024-03-18 08:31:00,288
Cadiz vs Granada,2023-24,2024-03-30 11:30:00,289
Getafe vs Sevilla,2023-24,2024-03-31 09:46:00,290
Almeria vs Osasuna,2023-24,2024-03-31 14:28:00,291
Valencia vs Mallorca,2023-24,2024-03-31 14:41:00,292
Barcelona vs Las Palmas,2023-24,2024-03-31 15:44:00,293
Deportivo Alaves vs Real Sociedad,2023-24,2024-04-01 07:01:00,294
Celta Vigo vs Rayo Vallecano,2023-24,2024-04-01 09:58:00,295
Girona vs Real Betis,2023-24,2024-04-01 11:40:00,296
Real Madrid vs Athletic Club,2023-24,2024-04-01 13:08:00,297
Villarreal vs Atletico,2023-24,2024-04-02 12:14:00,298
Granada vs Valencia,2023-24,2024-04-05 06:23:00,299
Real Betis vs Celta Vigo,2023-24,2024-04-13 07:14:00,300
Atletico vs Girona,2023-24,2024-04-14 00:03:00,301
Rayo Vallecano vs Getafe,2023-24,2024-04-14 11:36:00,302
Mallorca vs Real Madrid,2023-24,2024-04-14 11:56:00,303
Cadiz vs Barcelona,2023-24,2024-04-14 13:55:00,304
Las Palmas vs Sevilla,2023-24,2024-04-15 06:50:00,305
Granada vs Deportivo Alaves,2023-24,2024-04-15 07:15:00,306
Athletic Club vs Villarreal,2023-24,2024-04-15 11:24:00,307
Real Sociedad vs Almeria,2023-24,2024-04-15 11:50:00,308
Osasuna vs Valencia,2023-24,2024-04-16 13:45:00,309
Athletic Club vs Granada,2023-24,2024-04-20 12:01:00,310
Celta Vigo vs Las Palmas,2023-24,2024-04-21 00:44:00,311
Rayo Vallecano vs Osasuna,2023-24,2024-04-21 11:05:00,312
Girona vs Cadiz,2023-24,2024-04-21 12:34:00,313
Getafe vs Real Sociedad,2023-24,2024-04-22 09:41:00,314
Almeria vs Villarreal,2023-24,2024-04-22 10:37:00,315
Deportivo Alaves vs Atletico,2023-24,2024-04-22 13:39:00,316
Real Madrid vs Barcelona,2023-24,2024-04-22 15:16:00,317
Sevilla vs Mallorca,2023-24,2024-04-23 07:37:00,318
Valencia vs Real Betis,2023-24,2024-04-24 16:05:00,319
Real Sociedad vs Real Madrid,2023-24,2024-04-27 10:05:00,320
Las Palmas vs Girona,2023-24,2024-04-28 07:56:00,321
Almeria vs Getafe,2023-24,2024-04-28 13:22:00,322
Deportivo Alaves vs Celta Vigo,2023-24,2024-04-28 15:03:00,323
Atletico vs Athletic Club,2023-24,2024-04-28 15:36:00,324
Cadiz vs Mallorca,2023-24,2024-04-29 07:54:00,325
Granada vs Osasuna,2023-24,2024-04-29 08:51:00,326
Villarreal vs Rayo Vallecano,2023-24,2024-04-29 10:43:00,327
Real Betis vs Sevilla,2023-24,2024-04-29 11:56:00,328
Barcelona vs Valencia,2023-24,2024-04-30 02:19:00,329
Getafe vs Athletic Club,2023-24,2024-05-04 09:22:00,330
Real Sociedad vs Las Palmas,2023-24,2024-05-05 11:11:00,331
Real Madrid vs Cadiz,2023-24,2024-05-05 14:10:00,332
Girona vs Barcelona,2023-24,2024-05-05 14:21:00,333
Mallorca vs Atletico,2023-24,2024-05-05 14:35:00,334
Osasuna vs Real Betis,2023-24,2024-05-06 09:50:00,335
Valencia vs Deportivo Alaves,2023-24,2024-05-06 10:33:00,336
Celta Vigo vs Villarreal,2023-24,2024-05-06 10:39:00,337
Sevilla vs Granada,2023-24,2024-05-06 11:25:00,338
Rayo Vallecano vs Almeria,2023-24,2024-05-06 11:55:00,339
Deportivo Alaves vs Girona,2023-24,2024-05-11 08:13:00,340
Mallorca vs Las Palmas,2023-24,2024-05-12 11:50:00,341
Villarreal vs Sevilla,2023-24,2024-05-12 12:16:00,342
Athletic Club vs Osasuna,2023-24,2024-05-12 13:38:00,343
Cadiz vs Getafe,2023-24,2024-05-12 16:52:00,344
Atletico vs Celta Vigo,2023-24,2024-05-13 10:05:00,345
Valencia vs Rayo Vallecano,2023-24,2024-05-13 11:18:00,346
Real Betis vs Almeria,2023-24,2024-05-13 13:25:00,347
Barcelona vs Real Sociedad,2023-24,2024-05-14 07:49:00,348
Osasuna vs Mallorca,2023-24,2024-05-15 07:18:00,349
Girona vs Villarreal,2023-24,2024-05-15 07:53:00,350
Real Madrid vs Deportivo Alaves,2023-24,2024-05-15 08:08:00,351
Sevilla vs Cadiz,2023-24,2024-05-16 07:17:00,352
Rayo Vallecano vs Granada,2023-24,2024-05-16 07:42:00,353
Celta Vigo vs Athletic Club,2023-24,2024-05-16 09:38:00,354
Getafe vs Atletico,2023-24,2024-05-16 11:09:00,355
Las Palmas vs Real Betis,2023-24,2024-05-17 08:14:00,356
Almeria vs Barcelona,2023-24,2024-05-17 08:56:00,357
Real Sociedad vs Valencia,2023-24,2024-05-17 13:11:00,358
Deportivo Alaves vs Getafe,2023-24,2024-05-19 13:37:00,359
Cadiz vs Las Palmas,2023-24,2024-05-20 09:33:00,360
Mallorca vs Almeria,2023-24,2024-05-20 10:00:00,361
Athletic Club vs Sevilla,2023-24,2024-05-20 11:03:00,362
Granada vs Celta Vigo,2023-24,2024-05-20 11:20:00,363
Villarreal vs Real Madrid,2023-24,2024-05-20 11:37:00,364
Atletico vs Osasuna,2023-24,2024-05-20 12:15:00,365
Barcelona vs Rayo Vallecano,2023-24,2024-05-20 12:31:00,366
Real Betis vs Real Sociedad,2023-24,2024-05-20 13:02:00,367
Granada vs Real Madrid,2023-24,2024-05-20 16:12:00,368
Valencia vs Girona,2023-24,2024-05-21 14:48:00,369
Girona vs Granada,2023-24,2024-05-25 10:53:00,370
Real Sociedad vs Atletico,2023-24,2024-05-26 05:53:00,371
Osasuna vs Villarreal,2023-24,2024-05-26 08:17:00,372
Almeria vs Cadiz,2023-24,2024-05-26 08:37:00,373
Rayo Vallecano vs Athletic Club,2023-24,2024-05-26 09:20:00,374
Real Madrid vs Real Betis,2023-24,2024-05-26 10:19:00,375
Getafe vs Mallorca,2023-24,2024-05-27 01:34:00,376
Las Palmas vs Deportivo Alaves,2023-24,2024-05-27 04:41:00,377
Celta Vigo vs Valencia,2023-24,2024-05-27 11:10:00,378
Sevilla vs Barcelona,2023-24,2024-05-27 11:26:00,379
Girona vs Sevilla,2023-24,2025-03-11 06:53:00,380
Athletic Club vs Getafe,2024-25,2024-08-16 09:00:00,381
Celta Vigo vs Deportivo Alaves,2024-25,2024-08-17 08:24:00,382
Valencia vs Barcelona,2024-25,2024-08-18 09:23:00,383
Real Sociedad vs Rayo Vallecano,2024-25,2024-08-19 09:35:00,384
Mallorca vs Real Madrid,2024-25,2024-08-19 10:33:00,385
Real Valladolid vs Espanyol,2024-25,2024-08-20 06:59:00,386
Villarreal vs Atletico,2024-25,2024-08-20 09:02:00,387
Celta Vigo vs Valencia,2024-25,2024-08-24 05:42:00,388
Sevilla vs Villarreal,2024-25,2024-08-24 11:04:00,389
Osasuna vs Mallorca,2024-25,2024-08-25 11:33:00,390
Barcelona vs Athletic Club,2024-25,2024-08-25 11:50:00,391
Espanyol vs Real Sociedad,2024-25,2024-08-25 12:48:00,392
Getafe vs Rayo Vallecano,2024-25,2024-08-25 13:09:00,393
Real Madrid vs Real Valladolid,2024-25,2024-08-26 08:01:00,394
Leganes vs Las Palmas,2024-25,2024-08-26 08:28:00,395
Deportivo Alaves vs Real Betis,2024-25,2024-08-26 09:52:00,396
Atletico vs Girona,2024-25,2024-08-26 10:01:00,397
Mallorca vs Sevilla,2024-25,2024-08-28 07:17:00,398
Rayo Vallecano vs Barcelona,2024-25,2024-08-28 07:41:00,399
Athletic Club vs Valencia,2024-25,2024-08-29 11:06:00,400
Atletico vs Espanyol,2024-25,2024-08-29 12:04:00,401
Real Sociedad vs Deportivo Alaves,2024-25,2024-08-29 19:15:00,402
Girona vs Osasuna,2024-25,2024-08-30 05:44:00,403
Las Palmas vs Real Madrid,2024-25,2024-08-30 12:33:00,404
Barcelona vs Real Valladolid,2024-25,2024-09-01 07:48:00,405
Espanyol vs Rayo Vallecano,2024-25,2024-09-01 12:48:00,406
Valencia vs Villarreal,2024-25,2024-09-01 13:21:00,407
Athletic Club vs Atletico,2024-25,2024-09-01 13:25:00,408
Leganes vs Mallorca,2024-25,2024-09-01 14:23:00,409
Deportivo Alaves vs Las Palmas,2024-25,2024-09-02 09:29:00,410
Sevilla vs Girona,2024-25,2024-09-02 10:11:00,411
Real Madrid vs Real Betis,2024-25,2024-09-02 11:07:00,412
Getafe vs Real Sociedad,2024-25,2024-09-02 12:50:00,413
Osasuna vs Celta Vigo,2024-25,2024-09-09 06:50:00,414
Real Betis vs Leganes,2024-25,2024-09-14 08:15:00,415
Mallorca vs Villarreal,2024-25,2024-09-15 06:49:00,416
Espanyol vs Deportivo Alaves,2024-25,2024-09-15 10:16:00,417
Real Sociedad vs Real Madrid,2024-25,2024-09-15 13:41:00,418
Sevilla vs Getafe,2024-25,2024-09-15 14:45:00,419
Atletico vs Valencia,2024-25,2024-09-16 00:43:00,420
Celta Vigo vs Real Valladolid,2024-25,2024-09-16 07:04:00,421
Girona vs Barcelona,2024-25,2024-09-16 10:31:00,422
Las Palmas vs Athletic Club,2024-25,2024-09-16 11:07:00,423
Rayo Vallecano vs Osasuna,2024-25,2024-09-17 06:19:00,424
Mallorca vs Real Sociedad,2024-25,2024-09-18 09:55:00,425
Real Betis vs Getafe,2024-25,2024-09-19 04:56:00,426
Leganes vs Athletic Club,2024-25,2024-09-20 08:23:00,427
Deportivo Alaves vs Sevilla,2024-25,2024-09-21 12:38:00,428
Real Valladolid vs Real Sociedad,2024-25,2024-09-22 09:10:00,429
Osasuna vs Las Palmas,2024-25,2024-09-22 09:41:00,430
Valencia vs Girona,2024-25,2024-09-22 13:03:00,431
Athletic Club vs Celta Vigo,2024-25,2024-09-23 11:50:00,432
Getafe vs Leganes,2024-25,2024-09-23 12:44:00,433
Villarreal vs Barcelona,2024-25,2024-09-23 13:05:00,434
Rayo Vallecano vs Atletico,2024-25,2024-09-23 14:09:00,435
Real Betis vs Mallorca,2024-25,2024-09-24 06:38:00,436
Valencia vs Osasuna,2024-25,2024-09-25 00:55:00,437
Real Madrid vs Deportivo Alaves,2024-25,2024-09-25 10:40:00,438
Girona vs Rayo Vallecano,2024-25,2024-09-26 07:35:00,439
Barcelona vs Getafe,2024-25,2024-09-26 11:27:00,440
Celta Vigo vs Atletico,2024-25,2024-09-27 06:28:00,441
Las Palmas vs Real Betis,2024-25,2024-09-27 08:16:00,442
Espanyol vs Villarreal,2024-25,2024-09-27 08:45:00,443
Real Valladolid vs Mallorca,2024-25,2024-09-28 00:58:00,444
Getafe vs Deportivo Alaves,2024-25,2024-09-28 20:28:00,445
Real Sociedad vs Valencia,2024-25,2024-09-28 23:18:00,446
Rayo Vallecano vs Leganes,2024-25,2024-09-29 03:10:00,447
Osasuna vs Barcelona,2024-25,2024-09-29 12:57:00,448
Real Betis vs Espanyol,2024-25,2024-09-29 19:30:00,449
Atletico vs Real Madrid,2024-25,2024-09-30 05:17:00,450
Celta Vigo vs Girona,2024-25,2024-09-30 10:48:00,451
Villarreal vs Las Palmas,2024-25,2024-10-01 01:52:00,452
Leganes vs Valencia,2024-25,2024-10-04 22:06:00,453
Getafe vs Osasuna,2024-25,2024-10-05 17:22:00,454
Real Madrid vs Villarreal,2024-25,2024-10-06 01:49:00,455
Real Valladolid vs Rayo Vallecano,2024-25,2024-10-06 02:56:00,456
Las Palmas vs Celta Vigo,2024-25,2024-10-06 09:45:00,457
Espanyol vs Mallorca,2024-25,2024-10-06 09:51:00,458
Girona vs Athletic Club,2024-25,2024-10-07 03:17:00,459
Real Sociedad vs Atletico,2024-25,2024-10-07 14:40:00,460
Sevilla vs Real Betis,2024-25,2024-10-07 17:29:00,461
Deportivo Alaves vs Barcelona,2024-25,2024-10-08 13:54:00,462
Deportivo Alaves vs Real Valladolid,2024-25,2024-10-19 13:05:00,463
Athletic Club vs Espanyol,2024-25,2024-10-20 06:58:00,464
Osasuna vs Real Betis,2024-25,2024-10-20 11:32:00,465
Celta Vigo vs Real Madrid,2024-25,2024-10-20 12:40:00,466
Girona vs Real Sociedad,2024-25,2024-10-20 12:48:00,467
Mallorca vs Rayo Vallecano,2024-25,2024-10-21 07:16:00,468
Villarreal vs Getafe,2024-25,2024-10-21 11:14:00,469
Barcelona vs Sevilla,2024-25,2024-10-21 12:30:00,470
Valencia vs Las Palmas,2024-25,2024-10-23 15:13:00,471
Espanyol vs Sevilla,2024-25,2024-10-26 09:48:00,472
Real Madrid vs Barcelona,2024-25,2024-10-27 13:26:00,473
Leganes vs Celta Vigo,2024-25,2024-10-28 07:22:00,474
Getafe vs Valencia,2024-25,2024-10-28 08:49:00,475
Real Betis vs Atletico,2024-25,2024-10-28 11:41:00,476
Real Sociedad vs Osasuna,2024-25,2024-10-28 14:40:00,477
Mallorca vs Athletic Club,2024-25,2024-10-29 07:09:00,478
Rayo Vallecano vs Deportivo Alaves,2024-25,2024-10-30 15:43:00,479
Las Palmas vs Girona,2024-25,2024-10-31 14:56:00,480
Deportivo Alaves vs Mallorca,2024-25,2024-11-02 09:35:00,481
Girona vs Leganes,2024-25,2024-11-03 14:47:00,482
Atletico vs Las Palmas,2024-25,2024-11-04 03:51:00,483
Barcelona vs Espanyol,2024-25,2024-11-04 05:35:00,484
Sevilla vs Real Sociedad,2024-25,2024-11-04 06:13:00,485
Athletic Club vs Real Betis,2024-25,2024-11-04 07:03:00,486
Celta Vigo vs Getafe,2024-25,2024-11-05 04:34:00,487
Rayo Vallecano vs Las Palmas,2024-25,2024-11-09 11:05:00,488
Real Madrid vs Osasuna,2024-25,2024-11-10 03:07:00,489
Villarreal vs Deportivo Alaves,2024-25,2024-11-10 12:03:00,490
Leganes vs Sevilla,2024-25,2024-11-10 14:13:00,491
Real Valladolid vs Athletic Club,2024-25,2024-11-11 10:44:00,492
Real Sociedad vs Barcelona,2024-25,2024-11-11 11:48:00,493
Mallorca vs Atletico,2024-25,2024-11-11 12:35:00,494
Villarreal vs Celta Vigo,2024-25,2024-11-13 11:23:00,495
Osasuna vs Leganes,2024-25,2024-11-13 12:27:00,496
Real Madrid vs Espanyol,2024-25,2024-11-13 14:18:00,497
Sevilla vs Real Valladolid,2024-25,2024-11-13 15:30:00,498
Real Betis vs Celta Vigo,2024-25,2024-11-13 15:47:00,499
Getafe vs Girona,2024-25,2024-11-13 15:47:00,500
Atletico vs Leganes,2024-25,2024-11-13 20:54:00,501
Real Valladolid vs Leganes,2024-25,2024-11-16 22:24:00,502
Real Valladolid vs Villarreal,2024-25,2024-11-16 23:17:00,503
Getafe vs Real Valladolid,2024-25,2024-11-23 05:06:00,504
Valencia vs Real Betis,2024-25,2024-11-24 06:43:00,505
Atletico vs Deportivo Alaves,2024-25,2024-11-24 09:32:00,506
Las Palmas vs Mallorca,2024-25,2024-11-24 10:21:00,507
Girona vs Espanyol,2024-25,2024-11-24 10:55:00,508
Celta Vigo vs Barcelona,2024-25,2024-11-24 12:13:00,509
Athletic Club vs Real Sociedad,2024-25,2024-11-25 07:29:00,510
Leganes vs Real Madrid,2024-25,2024-11-25 09:38:00,511
Sevilla vs Rayo Vallecano,2024-25,2024-11-25 19:34:00,512
Mallorca vs Valencia,2024-25,2024-11-30 18:09:00,513
Barcelona vs Las Palmas,2024-25,2024-12-01 01:55:00,514
Deportivo Alaves vs Leganes,2024-25,2024-12-01 07:46:00,515
Espanyol vs Celta Vigo,2024-25,2024-12-01 08:22:00,516
Real Valladolid vs Atletico,2024-25,2024-12-01 09:09:00,517
Osasuna vs Villarreal,2024-25,2024-12-01 15:10:00,518
Villarreal vs Girona,2024-25,2024-12-02 03:00:00,519
Rayo Vallecano vs Athletic Club,2024-25,2024-12-02 08:40:00,520
Real Madrid vs Getafe,2024-25,2024-12-02 09:01:00,521
Real Sociedad vs Real Betis,2024-25,2024-12-02 09:55:00,522
Sevilla vs Osasuna,2024-25,2024-12-03 03:37:00,523
Mallorca vs Barcelona,2024-25,2024-12-04 11:05:00,524
Athletic Club vs Real Madrid,2024-25,2024-12-05 12:03:00,525
Celta Vigo vs Mallorca,2024-25,2024-12-07 10:26:00,526
Real Betis vs Barcelona,2024-25,2024-12-08 11:10:00,527
Valencia vs Rayo Vallecano,2024-25,2024-12-08 11:58:00,528
Girona vs Real Madrid,2024-25,2024-12-08 13:09:00,529
Athletic Club vs Villarreal,2024-25,2024-12-09 06:13:00,530
Atletico vs Sevilla,2024-25,2024-12-09 09:17:00,531
Osasuna vs Deportivo Alaves,2024-25,2024-12-09 11:42:00,532
Getafe vs Espanyol,2024-25,2024-12-10 10:48:00,533
Leganes vs Real Sociedad,2024-25,2024-12-12 11:35:00,534
Las Palmas vs Real Valladolid,2024-25,2024-12-13 10:36:00,535
Real Valladolid vs Valencia,2024-25,2024-12-14 04:16:00,536
Mallorca vs Girona,2024-25,2024-12-15 05:22:00,537
Espanyol vs Osasuna,2024-25,2024-12-15 05:53:00,538
Rayo Vallecano vs Real Madrid,2024-25,2024-12-15 07:35:00,539
Villarreal vs Real Betis,2024-25,2024-12-16 06:47:00,540
Atletico vs Getafe,2024-25,2024-12-16 07:41:00,541
Deportivo Alaves vs Athletic Club,2024-25,2024-12-16 08:35:00,542
Barcelona vs Leganes,2024-25,2024-12-16 09:10:00,543
Real Sociedad vs Las Palmas,2024-25,2024-12-16 10:14:00,544
Villarreal vs Rayo Vallecano,2024-25,2024-12-19 01:40:00,545
Espanyol vs Valencia,2024-25,2024-12-19 08:56:00,546
Girona vs Real Valladolid,2024-25,2024-12-21 04:46:00,547
Getafe vs Mallorca,2024-25,2024-12-22 04:52:00,548
Barcelona vs Atletico,2024-25,2024-12-22 07:28:00,549
Celta Vigo vs Real Sociedad,2024-25,2024-12-22 10:15:00,550
Valencia vs Deportivo Alaves,2024-25,2024-12-22 22:44:00,551
Osasuna vs Athletic Club,2024-25,2024-12-22 23:54:00,552
Real Betis vs Rayo Vallecano,2024-25,2024-12-23 06:36:00,553
Las Palmas vs Espanyol,2024-25,2024-12-23 10:13:00,554
Valencia vs Real Madrid,2024-25,2025-01-06 13:13:00,555
Sevilla vs Celta Vigo,2024-25,2025-01-07 12:59:00,556
Leganes vs Villarreal,2024-25,2025-01-07 13:22:00,557
Rayo Vallecano vs Celta Vigo,2024-25,2025-01-11 11:46:00,558
Deportivo Alaves vs Girona,2024-25,2025-01-12 07:11:00,559
Real Valladolid vs Real Betis,2024-25,2025-01-12 08:12:00,560
Espanyol vs Leganes,2024-25,2025-01-12 09:50:00,561
Sevilla vs Valencia,2024-25,2025-01-12 10:29:00,562
Las Palmas vs Getafe,2024-25,2025-01-13 09:30:00,563
Real Sociedad vs Villarreal,2024-25,2025-01-14 07:59:00,564
Atletico vs Osasuna,2024-25,2025-01-15 14:08:00,565
Espanyol vs Real Valladolid,2024-25,2025-01-18 10:20:00,566
Girona vs Sevilla,2024-25,2025-01-19 07:28:00,567
Leganes vs Atletico,2024-25,2025-01-19 11:23:00,568
Real Betis vs Deportivo Alaves,2024-25,2025-01-19 11:40:00,569
Getafe vs Barcelona,2024-25,2025-01-19 13:16:00,570
Celta Vigo vs Athletic Club,2024-25,2025-01-20 07:35:00,571
Osasuna vs Rayo Vallecano,2024-25,2025-01-20 10:54:00,572
Villarreal vs Mallorca,2024-25,2025-01-21 04:58:00,573
Real Madrid vs Las Palmas,2024-25,2025-01-22 09:25:00,574
Athletic Club vs Sevilla,2024-25,2025-01-23 14:22:00,575
Las Palmas vs Osasuna,2024-25,2025-01-25 04:38:00,576
Mallorca vs Real Betis,2024-25,2025-01-26 05:19:00,577
Atletico vs Villarreal,2024-25,2025-01-26 08:26:00,578
Sevilla vs Espanyol,2024-25,2025-01-26 09:53:00,579
Real Valladolid vs Real Madrid,2024-25,2025-01-26 12:57:00,580
Rayo Vallecano vs Girona,2024-25,2025-01-27 00:31:00,581
Real Sociedad vs Getafe,2024-25,2025-01-27 06:31:00,582
Athletic Club vs Leganes,2024-25,2025-01-27 07:22:00,583
Barcelona vs Valencia,2024-25,2025-01-27 08:49:00,584
Deportivo Alaves vs Celta Vigo,2024-25,2025-01-28 08:35:00,585
Leganes vs Rayo Vallecano,2024-25,2025-02-01 13:02:00,586
Getafe vs Sevilla,2024-25,2025-02-02 04:49:00,587
Atletico vs Mallorca,2024-25,2025-02-02 10:07:00,588
Villarreal vs Real Valladolid,2024-25,2025-02-02 10:39:00,589
Espanyol vs Real Madrid,2024-25,2025-02-02 11:18:00,590
Barcelona vs Deportivo Alaves,2024-25,2025-02-03 05:15:00,591
Real Betis vs Athletic Club,2024-25,2025-02-03 07:46:00,592
Osasuna vs Real Sociedad,2024-25,2025-02-03 09:21:00,593
Valencia vs Celta Vigo,2024-25,2025-02-03 17:05:00,594
Girona vs Las Palmas,2024-25,2025-02-04 09:14:00,595
Osasuna vs Real Valladolid,2024-25,2025-02-06 21:33:00,596
Rayo Vallecano vs Real Valladolid,2024-25,2025-02-08 11:00:00,597
Celta Vigo vs Real Betis,2024-25,2025-02-09 07:11:00,598
Athletic Club vs Girona,2024-25,2025-02-09 09:39:00,599
Real Madrid vs Atletico,2024-25,2025-02-09 12:37:00,600
Las Palmas vs Villarreal,2024-25,2025-02-09 17:41:00,601
Valencia vs Leganes,2024-25,2025-02-10 04:14:00,602
Real Sociedad vs Espanyol,2024-25,2025-02-10 06:13:00,603
Deportivo Alaves vs Getafe,2024-25,2025-02-10 07:25:00,604
Sevilla vs Barcelona,2024-25,2025-02-10 08:17:00,605
Mallorca vs Osasuna,2024-25,2025-02-11 08:25:00,606
Girona vs Getafe,2024-25,2025-02-15 10:59:00,607
Leganes vs Deportivo Alaves,2024-25,2025-02-16 04:38:00,608
Osasuna vs Real Madrid,2024-25,2025-02-16 10:22:00,609
Villarreal vs Valencia,2024-25,2025-02-16 11:28:00,610
Atletico vs Celta Vigo,2024-25,2025-02-16 12:16:00,611
Real Valladolid vs Sevilla,2024-25,2025-02-17 03:58:00,612
Espanyol vs Athletic Club,2024-25,2025-02-17 05:27:00,613
Real Betis vs Real Sociedad,2024-25,2025-02-17 11:40:00,614
Mallorca vs Las Palmas,2024-25,2025-02-17 12:45:00,615
Barcelona vs Rayo Vallecano,2024-25,2025-02-18 08:43:00,616
Celta Vigo vs Osasuna,2024-25,2025-02-22 06:10:00,617
Rayo Vallecano vs Villarreal,2024-25,2025-02-23 11:08:00,618
Valencia vs Atletico,2024-25,2025-02-23 11:41:00,619
Las Palmas vs Barcelona,2024-25,2025-02-23 11:54:00,620
Athletic Club vs Real Valladolid,2024-25,2025-02-24 09:05:00,621
Real Madrid vs Girona,2024-25,2025-02-24 09:47:00,622
Real Sociedad vs Leganes,2024-25,2025-02-24 13:52:00,623
Sevilla vs Mallorca,2024-25,2025-02-25 06:14:00,624
Deportivo Alaves vs Espanyol,2024-25,2025-02-25 18:58:00,625
Real Valladolid vs Las Palmas,2024-25,2025-03-01 09:20:00,626
Girona vs Celta Vigo,2024-25,2025-03-02 00:10:00,627
Real Betis vs Real Madrid,2024-25,2025-03-02 13:45:00,628
Atletico vs Athletic Club,2024-25,2025-03-02 15:01:00,629
Rayo Vallecano vs Sevilla,2024-25,2025-03-02 15:11:00,630
Leganes vs Getafe,2024-25,2025-03-03 00:10:00,631
Mallorca vs Deportivo Alaves,2024-25,2025-03-03 10:35:00,632
Barcelona vs Real Sociedad,2024-25,2025-03-08 08:13:00,633
Celta Vigo vs Leganes,2024-25,2025-03-09 06:52:00,634
Deportivo Alaves vs Villarreal,2024-25,2025-03-09 10:08:00,635
Valencia vs Real Valladolid,2024-25,2025-03-09 13:45:00,636
Getafe vs Atletico,2024-25,2025-03-10 10:03:00,637
Real Madrid vs Rayo Vallecano,2024-25,2025-03-10 10:54:00,638
Athletic Club vs Mallorca,2024-25,2025-03-10 12:46:00,639
Real Betis vs Las Palmas,2024-25,2025-03-10 12:58:00,640
Real Sociedad vs Sevilla,2024-25,2025-03-10 13:52:00,641
Espanyol vs Girona,2024-25,2025-03-11 07:09:00,642
Las Palmas vs Deportivo Alaves,2024-25,2025-03-15 07:51:00,643
Real Valladolid vs Celta Vigo,2024-25,2025-03-16 05:48:00,644
Mallorca vs Espanyol,2024-25,2025-03-16 09:03:00,645
Girona vs Valencia,2024-25,2025-03-16 11:13:00,646
Villarreal vs Real Madrid,2024-25,2025-03-16 16:53:00,647
Sevilla vs Athletic Club,2024-25,2025-03-17 10:06:00,648
Osasuna vs Getafe,2024-25,2025-03-17 11:16:00,649
Rayo Vallecano vs Real Sociedad,2024-25,2025-03-17 11:43:00,650
Atletico vs Barcelona,2024-25,2025-03-17 14:13:00,651
Leganes vs Real Betis,2024-25,2025-03-20 12:30:00,652
Barcelona vs Osasuna,2024-25,2025-03-28 06:56:00,653
Real Sociedad vs Real Valladolid,2024-25,2025-03-30 09:02:00,654
Espanyol vs Atletico,2024-25,2025-03-30 12:03:00,655
Deportivo Alaves vs Rayo Vallecano,2024-25,2025-03-30 13:14:00,656
Real Madrid vs Leganes,2024-25,2025-03-30 13:32:00,657
Getafe vs Villarreal,2024-25,2025-03-31 00:39:00,658
Valencia vs Mallorca,2024-25,2025-03-31 08:09:00,659
Barcelona vs Girona,2024-25,2025-03-31 09:23:00,660
Real Betis vs Sevilla,2024-25,2025-03-31 10:28:00,661
Athletic Club vs Osasuna,2024-25,2025-03-31 10:51:00,662
Celta Vigo vs Las Palmas,2024-25,2025-04-01 10:09:00,663
Rayo Vallecano vs Espanyol,2024-25,2025-04-05 07:32:00,664
Girona vs Deportivo Alaves,2024-25,2025-04-06 08:20:00,665
Real Madrid vs Valencia,2024-25,2025-04-06 10:59:00,666
Mallorca vs Celta Vigo,2024-25,2025-04-06 11:45:00,667
Barcelona vs Real Betis,2024-25,2025-04-06 12:35:00,668
Sevilla vs Atletico,2024-25,2025-04-07 11:45:00,669
Las Palmas vs Real Sociedad,2024-25,2025-04-07 12:34:00,670
Villarreal vs Athletic Club,2024-25,2025-04-07 13:02:00,671
Real Valladolid vs Getafe,2024-25,2025-04-07 13:46:00,672
Leganes vs Osasuna,2024-25,2025-04-08 09:53:00,673
Valencia vs Sevilla,2024-25,2025-04-12 11:47:00,674
Real Sociedad vs Mallorca,2024-25,2025-04-13 06:37:00,675
Getafe vs Las Palmas,2024-25,2025-04-13 10:56:00,676
Celta Vigo vs Espanyol,2024-25,2025-04-13 13:38:00,677
Leganes vs Barcelona,2024-25,2025-04-13 15:18:00,678
Osasuna vs Girona,2024-25,2025-04-14 08:05:00,679
Deportivo Alaves vs Real Madrid,2024-25,2025-04-14 08:44:00,680
Real Betis vs Villarreal,2024-25,2025-04-14 10:50:00,681
Athletic Club vs Rayo Vallecano,2024-25,2025-04-14 11:58:00,682
Atletico vs Real Valladolid,2024-25,2025-04-15 10:21:00,683
Espanyol vs Getafe,2024-25,2025-04-19 08:22:00,684
Rayo Vallecano vs Valencia,2024-25,2025-04-20 07:41:00,685
Mallorca vs Leganes,2024-25,2025-04-20 09:08:00,686
Barcelona vs Celta Vigo,2024-25,2025-04-20 10:16:00,687
Las Palmas vs Atletico,2024-25,2025-04-20 16:05:00,688
Real Valladolid vs Osasuna,2024-25,2025-04-21 11:52:00,689
Villarreal vs Real Sociedad,2024-25,2025-04-21 13:14:00,690
Sevilla vs Deportivo Alaves,2024-25,2025-04-21 15:53:00,691
Real Madrid vs Athletic Club,2024-25,2025-04-21 17:09:00,692
Girona vs Real Betis,2024-25,2025-04-22 19:30:00,693
Barcelona vs Mallorca,2024-25,2025-04-23 11:22:00,694
Athletic Club vs Las Palmas,2024-25,2025-04-24 07:29:00,695
Celta Vigo vs Villarreal,2024-25,2025-04-24 10:09:00,696
Leganes vs Girona,2024-25,2025-04-25 10:50:00,697
Osasuna vs Sevilla,2024-25,2025-04-25 11:39:00,698
Real Betis vs Real Valladolid,2024-25,2025-04-25 12:11:00,699
Villarreal vs Espanyol,2024-25,2025-04-28 13:00:00,700
Atletico vs Rayo Vallecano,2024-25,2025-04-28 17:36:00,701
Valencia vs Espanyol,2024-25,2025-05-01 15:00:00,702
Getafe vs Real Madrid,2024-25,2025-05-01 15:20:00,703
Deportivo Alaves vs Real Sociedad,2024-25,2025-05-01 15:27:00,704
Rayo Vallecano vs Getafe,2024-25,2025-05-03 10:54:00,705
Deportivo Alaves vs Atletico,2024-25,2025-05-04 08:37:00,706
Villarreal vs Osasuna,2024-25,2025-05-04 09:42:00,707
Las Palmas vs Valencia,2024-25,2025-05-04 15:09:00,708
Real Valladolid vs Barcelona,2024-25,2025-05-04 15:41:00,709
Real Madrid vs Celta Vigo,2024-25,2025-05-05 10:31:00,710
Espanyol vs Real Betis,2024-25,2025-05-05 12:39:00,711
Real Sociedad vs Athletic Club,2024-25,2025-05-05 13:08:00,712
Girona vs Mallorca,2024-25,2025-05-06 10:43:00,713
Sevilla vs Leganes,2024-25,2025-05-09 00:09:00,714
Las Palmas vs Rayo Vallecano,2024-25,2025-05-10 10:17:00,715
Valencia vs Getafe,2024-25,2025-05-11 10:27:00,716
Celta Vigo vs Sevilla,2024-25,2025-05-11 11:13:00,717
Girona vs Villarreal,2024-25,2025-05-11 14:43:00,718
Mallorca vs Real Valladolid,2024-25,2025-05-11 14:55:00,719
Atletico vs Real Sociedad,2024-25,2025-05-11 15:33:00,720
Leganes vs Espanyol,2024-25,2025-05-12 07:53:00,721
Athletic Club vs Deportivo Alaves,2024-25,2025-05-12 10:46:00,722
Barcelona vs Real Madrid,2024-25,2025-05-12 12:20:00,723
Real Betis vs Osasuna,2024-25,2025-05-12 14:31:00,724
Real Valladolid vs Girona,2024-25,2025-05-14 05:41:00,725
Real Sociedad vs Celta Vigo,2024-25,2025-05-14 09:23:00,726
Sevilla vs Las Palmas,2024-25,2025-05-14 10:10:00,727
Deportivo Alaves vs Valencia,2024-25,2025-05-15 07:20:00,728
Villarreal vs Leganes,2024-25,2025-05-15 12:44:00,729
Real Madrid vs Mallorca,2024-25,2025-05-15 14:04:00,730
Rayo Vallecano vs Real Betis,2024-25,2025-05-16 06:55:00,731
Osasuna vs Atletico,2024-25,2025-05-16 08:22:00,732
Espanyol vs Barcelona,2024-25,2025-05-16 10:54:00,733
Getafe vs Athletic Club,2024-25,2025-05-16 11:08:00,734
Las Palmas vs Leganes,2024-25,2025-05-19 10:00:00,735
Real Valladolid vs Deportivo Alaves,2024-25,2025-05-19 10:05:00,736
Barcelona vs Villarreal,2024-25,2025-05-19 10:56:00,737
Mallorca vs Getafe,2024-25,2025-05-19 11:22:00,738
Atletico vs Real Betis,2024-25,2025-05-19 12:02:00,739
Real Sociedad vs Girona,2024-25,2025-05-19 12:03:00,740
Celta Vigo vs Rayo Vallecano,2024-25,2025-05-19 12:40:00,741
Osasuna vs Espanyol,2024-25,2025-05-19 13:11:00,742
Valencia vs Athletic Club,2024-25,2025-05-19 13:56:00,743
Sevilla vs Real Madrid,2024-25,2025-05-19 16:36:00,744
Real Betis vs Valencia,2024-25,2025-05-24 10:55:00,745
Real Madrid vs Real Sociedad,2024-25,2025-05-25 01:26:00,746
Leganes vs Real Valladolid,2024-25,2025-05-25 04:54:00,747
Espanyol vs Las Palmas,2024-25,2025-05-25 05:59:00,748
Getafe vs Celta Vigo,2024-25,2025-05-25 06:40:00,749
Deportivo Alaves vs Osasuna,2024-25,2025-05-25 08:47:00,750
Rayo Vallecano vs Mallorca,2024-25,2025-05-25 15:19:00,751
Girona vs Atletico,2024-25,2025-05-26 05:36:00,752
Athletic Club vs Barcelona,2024-25,2025-05-26 11:12:00,753
Villarreal vs Sevilla,2024-25,2025-05-26 20:29:00,754
Getafe vs Real Betis,2024-25,2025-05-28 11:31:00,755
Real Madrid vs Sevilla,2024-25,2025-06-02 23:13:00,756
Real Betis vs Girona,2024-25,2025-06-03 17:13:00,757
Las Palmas vs Sevilla,2024-25,2025-06-03 17:35:00,758
Osasuna vs Valencia,2024-25,2025-07-29 13:30:00,759
Valencia vs Real Sociedad,2024-25,2025-08-01 09:24:00,760
